traj_idx,frame,x,y,z
0,174.0,43.17943627750593,51.63467914886684,0
0,175.0,46.195891627177616,52.87529977974674,0
0,176.0,49.322666120670476,54.14746674971262,0
0,177.0,52.46380831981527,55.27587686412747,0
0,178.0,55.75466127348821,56.91169713441765,0
0,179.0,58.79794364592027,58.45660117337623,0
0,180.0,61.149089894479914,59.456562836879925,0
1,154.0,35.99009610286156,35.366314283505645,0
1,155.0,35.03554576149483,34.69581449219818,0
1,156.0,33.723484159067795,32.98759842935381,0
1,157.0,32.0078168712313,33.30450394969928,0
1,158.0,29.687491466167728,31.8273515798764,0
1,159.0,28.903781093113672,33.16564900432611,0
1,160.0,29.270132663863457,32.55554662893336,0
1,161.0,29.545654574417746,30.368326974089918,0
1,162.0,26.76618542931358,31.38240621645562,0
1,163.0,27.093194149264455,30.436286344975024,0
1,164.0,26.33218653170981,28.503470573327455,0
1,165.0,24.04278444326085,30.665215805071554,0
1,166.0,25.318863013357124,30.762922968694227,0
1,167.0,24.35110991568026,28.78608126244744,0
1,168.0,24.431904559986265,29.56099961636945,0
1,169.0,27.128700761302383,29.253725421615314,0
2,96.0,62.64173782901362,39.34645731372011,0
2,97.0,60.36943406221344,40.45003096997253,0
2,98.0,57.60937861946394,41.154302878367616,0
2,99.0,55.3041457539524,41.00749164879785,0
2,100.0,52.742851356702516,41.61295544783893,0
2,101.0,50.90993682646973,41.71252239193517,0
2,102.0,48.83885271534592,42.65690946553278,0
2,103.0,47.12998560626133,43.53711672383922,0
2,104.0,44.60822272054291,44.89413747439244,0
2,105.0,42.06535442953603,46.16055318129405,0
2,106.0,40.08399481356628,46.443708127307275,0
3,122.0,50.70754672604612,56.37574942476304,0
3,123.0,47.89279354166905,57.39914469665071,0
3,124.0,47.64325070157459,54.725298387549515,0
3,125.0,48.354490025856165,54.21963296020088,0
3,126.0,48.38577549418096,54.89641690909987,0
3,127.0,48.19178997529515,55.42333280957911,0
3,128.0,46.08914676020646,53.035165004232724,0
3,129.0,44.866317908462676,51.734430956545495,0
3,130.0,46.9139312378348,51.66059581570535,0
3,131.0,45.72554534772732,51.71269887269369,0
3,132.0,43.83093394317687,47.65642330104146,0
3,133.0,44.90911689344334,48.16380891187596,0
3,134.0,46.79916733875919,46.238949275688356,0
3,135.0,46.312690798222505,46.25726718026971,0
3,136.0,48.29704680246206,43.42200851402346,0
3,137.0,46.662713310488954,43.04034888237172,0
4,142.0,32.112340716949674,14.961890051828192,0
4,143.0,30.16034554281144,13.65742929328443,0
4,144.0,27.935634143919728,11.98327740505492,0
4,145.0,25.439728439324803,10.41787921443494,0
4,146.0,23.686779336997844,9.313275364415034,0
4,147.0,21.594817882301612,7.870162136007977,0
4,148.0,19.361719237704655,6.4902389492525,0
4,149.0,16.702317227568713,5.968441716371494,0
4,150.0,14.085428080142002,5.637086739943761,0
4,151.0,11.63300542914682,5.348666595510359,0
4,152.0,9.202546160193428,5.135327861285589,0
4,153.0,6.496002586624826,4.822941557808953,0
4,154.0,3.9532179130783547,4.542620296170725,0
4,155.0,1.772202663217051,3.885726688602439,0
5,63.0,55.75175501938064,43.68180874712955,0
5,64.0,54.35191715727481,40.54192586072202,0
5,65.0,53.7845221826114,42.22986721742714,0
5,66.0,53.229120277761936,42.52565399952857,0
5,67.0,54.78279301129824,39.30116606782947,0
5,68.0,53.85279837892982,39.813651231169274,0
5,69.0,54.41232636726984,39.06332006329443,0
5,70.0,54.45643057763937,39.73742377896451,0
5,71.0,53.13258986324638,38.462815573907776,0
5,72.0,53.333804210416474,40.47495589607844,0
5,73.0,55.04574234050233,43.19185250597704,0
5,74.0,55.57329467621042,42.8897100440001,0
5,75.0,55.725624104557994,43.555398085959766,0
5,76.0,50.71553681670706,43.97826850264266,0
5,77.0,49.31481095087251,45.29095865515502,0
5,78.0,47.476417743489236,43.64593381128125,0
6,94.0,4.281091856769564,22.495442723774346,0
6,95.0,1.6018117198509572,23.646318580377418,0
6,96.0,0.7541861443152271,26.72020231599266,0
7,182.0,44.037967689449474,61.77144118885073,0
7,183.0,43.42261561583072,61.40936456556669,0
7,184.0,44.16513522305884,62.438132050519144,0
8,96.0,6.250263042255241,43.529110634149774,0
8,97.0,6.62153081202743,44.35671238624688,0
8,98.0,6.787617182496689,45.23306906877302,0
8,99.0,7.236284704232425,45.440872674262664,0
8,100.0,7.644854274379384,45.16521525086493,0
8,101.0,7.707200393639766,44.86640367334678,0
8,102.0,8.125267919716258,44.248383434628124,0
8,103.0,9.14084272220419,44.00679827888419,0
8,104.0,9.874368665231096,44.10834909725895,0
8,105.0,10.892611524858395,43.87148044757252,0
8,106.0,11.537369126992772,43.18744906103676,0
8,107.0,12.257493325923534,43.36750110243143,0
8,108.0,12.713481181038837,43.503105042025226,0
8,109.0,13.079821617435087,43.81318554392878,0
8,110.0,13.54002595809731,43.82257631463155,0
8,111.0,13.798695158323198,43.88169616412833,0
9,85.0,60.02702403071031,34.747262821186254,0
9,86.0,61.44921471147302,36.02090394821951,0
9,87.0,62.1356842726061,37.46522477164024,0
9,88.0,63.41569833647873,38.49668676424777,0
10,86.0,0.7538693054743177,19.376161913180518,0
10,87.0,0.884644668402295,19.06203511601234,0
10,88.0,0.539190300991045,15.884791963268576,0
11,114.0,2.91861214043751,61.92188560420142,0
11,115.0,3.1366205668969513,59.709072567370725,0
11,116.0,2.203728791741611,58.0784963960631,0
11,117.0,3.2656428066122345,57.91072269228441,0
11,118.0,2.529117118937478,58.1153210389658,0
11,119.0,5.315991106509344,58.449663603181335,0
11,120.0,3.4335625581349447,55.35954836545278,0
11,121.0,5.844039451769142,57.1017961633392,0
11,122.0,8.365309380905046,56.29938564193047,0
11,123.0,7.117447100901892,56.86578467119077,0
11,124.0,9.955747915041478,52.903079660864876,0
11,125.0,8.303258428885997,49.87433026231052,0
12,155.0,56.730124953524154,25.51313281640472,0
12,156.0,55.88840271442278,28.41132563114334,0
12,157.0,54.68146251411835,30.84558318644862,0
12,158.0,53.79550234513361,32.42712732693991,0
12,159.0,52.596354891591204,33.591091514001704,0
12,160.0,51.8454055259551,35.230678973124185,0
12,161.0,50.859020930010814,36.702705490257685,0
12,162.0,49.55159843212047,38.00407495749518,0
12,163.0,48.56068759255422,39.478555257966406,0
12,164.0,47.74502653233759,41.38486327506341,0
12,165.0,47.19476802761484,43.97587782176589,0
12,166.0,46.830582175076316,45.86098349958593,0
12,167.0,46.54270246003871,46.89972799765346,0
12,168.0,45.46262854901259,48.26436285786133,0
12,169.0,45.209855967901774,50.09918546811221,0
12,170.0,44.80170787929569,51.827226681338786,0
13,161.0,12.03527646194464,1.1263345533805023,0
13,162.0,13.184238276779539,2.804890060772159,0
13,163.0,13.490979177928153,4.856663740147056,0
13,164.0,14.092389627924447,6.340712369999856,0
13,165.0,14.988077824855296,7.813810244643385,0
13,166.0,16.050404565247895,9.204523487589825,0
13,167.0,17.245729139320282,10.579441562450384,0
13,168.0,18.445099961836824,12.99179307245771,0
13,169.0,19.956274029430148,15.43528626867463,0
13,170.0,21.787218095568853,17.646825084655156,0
13,171.0,23.546340345143975,19.649883556600777,0
14,89.0,53.68139710510094,38.419191845918164,0
14,90.0,52.539170823587355,38.48090149670797,0
14,91.0,51.073665431489275,37.88838615545207,0
14,92.0,49.74588108974086,37.41807912514294,0
14,93.0,48.505211209615766,37.03080624532623,0
14,94.0,47.536224393207334,36.800783477208796,0
14,95.0,45.94416308913624,37.164906740172114,0
14,96.0,44.09048338359749,37.309295874778925,0
14,97.0,42.15451592160652,36.60143720619162,0
14,98.0,40.71500231261763,35.318471633615474,0
14,99.0,39.50520811015073,34.62948557592752,0
14,100.0,37.9900696141834,33.74995951527437,0
14,101.0,36.68029067461683,33.140647969837616,0
14,102.0,35.693940082839504,32.72986635376637,0
14,103.0,35.1444492201815,31.60820230961898,0
14,104.0,33.87756761197542,31.00425352754648,0
15,84.0,41.205518759269054,32.229937700327994,0
15,85.0,41.330547533167135,33.84568740304917,0
15,86.0,38.521600528745225,34.946769320782636,0
15,87.0,39.29932699128783,33.69284676443044,0
15,88.0,39.28134550124565,34.98321687714693,0
15,89.0,40.236713418342575,34.22290048384207,0
15,90.0,39.243504173984505,34.87576130913692,0
15,91.0,39.81311667168461,34.457462149663115,0
15,92.0,40.362996605512436,34.88273021876343,0
15,93.0,41.43571111710665,34.86421111089061,0
15,94.0,38.752954922371245,33.92513460554761,0
15,95.0,37.16984428167011,36.664971794239534,0
15,96.0,37.59838269537458,34.95232887597362,0
15,97.0,37.578938816207085,32.406950045529314,0
15,98.0,35.21469458532191,32.20221069829144,0
15,99.0,35.80927930533821,31.2238583860818,0
16,9.0,16.24879030381254,21.453653022633702,0
16,10.0,16.04101661990959,20.33595486628746,0
16,11.0,17.941209488102615,19.56681197303159,0
16,12.0,17.572628386341982,19.49750209256907,0
16,13.0,16.611020614128982,19.590197232391212,0
16,14.0,18.122504199037415,19.323458578771408,0
16,15.0,16.818804272110334,19.316086174907788,0
16,16.0,19.575064396314595,18.685898791979106,0
16,17.0,20.12928113526911,18.50321626548019,0
16,18.0,18.71187925350045,16.61116769830715,0
16,19.0,19.64884774179594,19.728815142333737,0
16,20.0,20.277446579756926,22.841210612419736,0
16,21.0,21.50961435437479,21.248241988442615,0
16,22.0,21.71768634279031,22.707943861584695,0
16,23.0,18.672828696866034,22.581535957397485,0
16,24.0,17.81672356887799,21.766956618852305,0
17,120.0,28.689416386899552,18.296078110529493,0
17,121.0,27.616413789459216,18.07186221328216,0
17,122.0,26.49857865607669,18.778819922575103,0
17,123.0,25.616531877865803,19.846327968546753,0
17,124.0,22.23773198453374,22.47617226439555,0
17,125.0,22.39288011340995,23.67847918380474,0
17,126.0,22.98399924503972,23.867449068458242,0
17,127.0,23.363242329194456,23.784627885656796,0
17,128.0,19.629871024090754,23.645884179839626,0
17,129.0,19.464558461820467,22.835418175328257,0
17,130.0,18.654485545581025,21.250959475916936,0
17,131.0,18.949477280015792,20.82583034846401,0
17,132.0,19.86928235953529,21.96245922939125,0
17,133.0,20.208770999624747,17.736410774060772,0
17,134.0,18.194571389045016,18.528603743331637,0
17,135.0,20.784201895341027,21.441847769286085,0
18,140.0,27.527814086685524,7.309136463736948,0
18,141.0,25.40044206897278,10.131519225729775,0
18,142.0,23.653714737278605,12.559040051590785,0
18,143.0,22.022346479308275,15.396207203214146,0
18,144.0,20.753142546031107,17.867055794375588,0
18,145.0,18.63443582995886,21.031684264586218,0
18,146.0,17.27949462660031,23.873988526184718,0
18,147.0,16.003378844494108,26.659016800836206,0
18,148.0,14.020259068820977,29.388714372926273,0
18,149.0,12.949698083606101,31.915737292094335,0
18,150.0,11.935028606754038,34.297454812772784,0
18,151.0,10.325526811903416,36.497089190334194,0
18,152.0,9.865039893809481,39.61159903889755,0
18,153.0,8.932491910772889,42.65494408671887,0
18,154.0,7.704848676895608,46.05640856852071,0
18,155.0,6.342025453300181,49.535938749229175,0
19,146.0,1.6531108874645,0.49185917967272985,0
20,32.0,34.61110291788599,20.863513244442842,0
20,33.0,34.7471013049385,22.37369394411629,0
20,34.0,35.19362429545532,23.985364107517114,0
20,35.0,35.82973659438349,25.786479531739992,0
20,36.0,36.57007325814834,27.77573138430391,0
20,37.0,37.43659051719793,29.46245952504995,0
20,38.0,38.00724860963629,31.258737343170438,0
20,39.0,39.08136577214226,33.053394479593976,0
20,40.0,39.77932629554522,35.29206462759129,0
20,41.0,40.38126439826766,37.12694802343968,0
20,42.0,41.809345875132536,38.41340596717497,0
20,43.0,43.3961456075688,40.216357805643796,0
20,44.0,44.56046503979596,41.67073975084189,0
20,45.0,45.730770449635145,43.5834420519496,0
20,46.0,47.28468477372593,45.56291150332761,0
20,47.0,49.143771455274305,46.91196396026767,0
21,32.0,29.64144797906235,35.66125267212452,0
21,33.0,29.727977913598487,36.43832132985004,0
21,34.0,29.34210667434769,37.727739177571394,0
21,35.0,29.544687956757443,38.38406430336448,0
21,36.0,29.392658047451143,38.41146408975743,0
21,37.0,29.764145252869852,38.86308800184712,0
21,38.0,30.0201484443525,39.77377439826225,0
21,39.0,30.98860443439336,40.8880417311518,0
21,40.0,31.502272175339186,41.301462616446514,0
21,41.0,31.7944821366957,41.77969504200854,0
21,42.0,31.8621394117092,43.161425088680545,0
21,43.0,32.0197789624343,44.74401019166788,0
21,44.0,31.97843061254273,45.699489594638536,0
21,45.0,31.927532748911865,46.894502111638914,0
21,46.0,32.464201505410514,47.61316813268897,0
21,47.0,32.82868712929081,48.49267397007927,0
22,48.0,14.56898816906822,2.160547161615078,0
22,49.0,14.21882258934729,5.4254689342059095,0
22,50.0,13.975659627065319,8.530354355239695,0
22,51.0,13.776621984475838,10.857709989027576,0
22,52.0,13.711929540676579,13.584634015944147,0
22,53.0,13.402065807939138,16.12478316246665,0
22,54.0,13.140064236963077,18.55494848046765,0
23,157.0,54.94173493788246,63.5779345759358,0
24,165.0,38.327268239939215,63.56978471945115,0
24,166.0,36.14442547909596,61.930945121397485,0
24,167.0,33.51139890110102,60.543389681054805,0
24,168.0,30.386318238584558,58.56344119415911,0
24,169.0,27.689988445232245,56.771081956410484,0
24,170.0,24.06610338969807,55.57501674088708,0
24,171.0,20.57325499492888,54.407866709009085,0
24,172.0,17.343226866275565,52.9133949073796,0
25,182.0,61.73815783704816,1.4287062817071075,0
25,183.0,61.378950144212325,1.1783037434218429,0
25,184.0,60.84821637682231,0.4818868444789288,0
25,185.0,60.112952797703755,0.2327764804296848,0
25,186.0,59.398552524243144,0.5937730001703798,0
25,187.0,58.34242215758509,0.1796085932171465,0
26,171.0,63.40622927983341,18.530957906039355,0
26,172.0,62.940511907248904,19.389979074366508,0
26,173.0,62.90701086199138,20.988062754585677,0
26,174.0,62.89494955519214,22.29549034355564,0
26,175.0,62.254940236915445,22.866852197047933,0
27,40.0,20.341132725103776,43.774548715644386,0
27,41.0,20.96100768087406,41.654982489909614,0
27,42.0,21.195163399699993,39.041776603744566,0
27,43.0,21.853062229214927,36.36313546353121,0
27,44.0,22.243581567248064,33.04596146999323,0
27,45.0,22.40392978832324,29.988990968461742,0
27,46.0,22.60856671857968,27.04923289558208,0
27,47.0,22.97092300429488,24.04795117718639,0
27,48.0,23.203480250270708,20.522118175401154,0
27,49.0,24.015566813186027,17.759713004486073,0
27,50.0,24.601237034115613,14.986484155140701,0
27,51.0,25.28534239925709,12.72756384489118,0
27,52.0,25.735781394920437,9.699575118370774,0
27,53.0,26.932192198634453,6.588441314344088,0
27,54.0,26.76393003734725,4.415328092919097,0
27,55.0,26.489453525838705,1.7271818603746212,0
28,20.0,30.98341866094207,62.71858282116122,0
28,21.0,31.171755148974526,61.48996650548382,0
28,22.0,31.995305131627198,59.846894638982604,0
28,23.0,32.53130644765287,58.12776770277321,0
28,24.0,33.27336894113782,56.24824106310915,0
28,25.0,34.3587351103713,54.279506476544924,0
28,26.0,35.45170234297922,52.38337207882557,0
28,27.0,36.675205632209966,50.33693575844569,0
28,28.0,37.58624238103705,48.96884105093913,0
28,29.0,39.42878031131953,47.56460898270477,0
28,30.0,40.72129939804556,46.28198396153999,0
28,31.0,41.78874831020018,44.59019247439005,0
28,32.0,43.268147477726714,42.58461690986901,0
28,33.0,44.50917172239413,40.908635796555856,0
29,92.0,63.797401688846676,61.89458563662909,0
30,5.0,31.087717592224706,9.864321322769996,0
30,6.0,33.10436193334357,7.418782911399887,0
30,7.0,34.90856361890273,4.916461821145965,0
30,8.0,36.58609949412326,1.7585013818330282,0
31,158.0,50.75529897554502,15.689682309559501,0
31,159.0,47.95682417758559,13.938553112099335,0
31,160.0,45.261535377562794,12.507560043594054,0
31,161.0,42.71677432308435,10.614223986809442,0
31,162.0,40.38839159199141,8.870428174527504,0
31,163.0,37.253212034219786,7.691187146673236,0
31,164.0,33.97380194212407,5.816871983652227,0
31,165.0,31.86396779159135,4.376357069681831,0
31,166.0,30.044650636768438,3.390969489939728,0
31,167.0,27.866315547890792,2.7814681677779447,0
31,168.0,25.392839688015734,2.2494939181707636,0
31,169.0,22.793561287956862,1.1363335559724064,0
31,170.0,19.764403281807198,0.21947253731839567,0
32,157.0,63.82619944631509,22.507856268273777,0
33,161.0,63.82392629420785,24.92495135486815,0
34,163.0,63.44968721278184,23.200645965020648,0
34,164.0,62.65810437615016,23.145862821423876,0
34,165.0,63.61562928217171,21.513547123545244,0
35,30.0,31.614283063381507,8.92314753933519,0
35,31.0,27.941423512386066,9.645677452703438,0
35,32.0,24.67379309315527,10.531921295937238,0
35,33.0,20.611946975217556,11.619503562803828,0
35,34.0,16.594571053951938,12.732207784747288,0
35,35.0,12.640748211766741,14.042176387585627,0
35,36.0,8.228383151721744,15.613887747401975,0
35,37.0,4.137477568775012,17.184752090773763,0
36,58.0,0.1524268311101764,36.860564262850374,0
36,59.0,2.6105024463178097,36.15322806081612,0
36,60.0,5.896235172404104,36.14692773691657,0
36,61.0,9.08179336640059,35.93060729755064,0
36,62.0,11.911013655596705,35.87669642058448,0
36,63.0,14.692987450474071,35.68614892713629,0
36,64.0,17.97897148058332,35.74403365610412,0
37,58.0,62.08547042198339,5.401610559237646,0
38,176.0,42.04999014336347,31.56744816929401,0
38,177.0,43.41942091620139,29.84090259137332,0
38,178.0,44.72796939968265,28.349395263292173,0
38,179.0,45.84079842773521,26.638315791684747,0
38,180.0,46.12031126221193,24.47457578503532,0
38,181.0,47.11462233256812,22.17470276705435,0
38,182.0,47.64090646367251,19.166778933522444,0
38,183.0,48.13619519409664,16.55980282689947,0
38,184.0,48.41831911599398,13.715060776533768,0
38,185.0,49.485342449289405,10.882315142411052,0
38,186.0,50.50919471978685,8.656615448925407,0
38,187.0,51.06859330753949,6.675932819669754,0
38,188.0,51.52447475511087,3.8968977302019283,0
38,189.0,51.327259259804606,0.6194766158564917,0
39,35.0,45.966999690672125,5.732457319650038,0
39,36.0,46.03496859259272,7.277636387060639,0
39,37.0,47.550034776803756,7.74416412451761,0
39,38.0,50.75904078637987,6.8446267761412045,0
39,39.0,50.27301086625427,6.77940223614592,0
39,40.0,52.596435655249905,3.387875109097706,0
39,41.0,53.34859843532965,7.078948728977025,0
39,42.0,52.67934611189858,5.919852418477376,0
39,43.0,50.43849583703094,5.589058931521407,0
39,44.0,51.88012510209158,7.887640892656599,0
39,45.0,53.3565264948579,7.253070460650761,0
39,46.0,54.382803409890144,7.61486138240798,0
39,47.0,53.328593911901436,7.5598677933700955,0
39,48.0,52.914811437577285,8.414027364437743,0
39,49.0,54.572494569091134,4.058899693084712,0
39,50.0,53.40816128187805,5.222544121050305,0
40,9.0,32.76964169277929,4.64581504377594,0
40,10.0,28.682564607946418,1.4566326831425727,0
40,11.0,27.12368217393351,4.1983582731709035,0
40,12.0,27.98246576589319,5.181713386826033,0
40,13.0,28.252001764296743,7.811633358634808,0
40,14.0,28.940517103746537,7.084698584238218,0
40,15.0,30.051100313670823,5.917747149786933,0
40,16.0,31.633188283852512,6.302929196126065,0
40,17.0,30.501059521378593,6.926150443881859,0
40,18.0,29.691962039426073,7.835054235293313,0
40,19.0,29.55643211455009,7.941369144110965,0
40,20.0,29.40448805487909,8.502261231939165,0
40,21.0,28.600150558247186,7.055972976622314,0
40,22.0,26.557227909547137,6.928595267725406,0
40,23.0,25.822267800840663,6.427413233303994,0
40,24.0,27.96764694410775,7.054000513470612,0
41,18.0,9.82580731483398,61.711926585396185,0
41,19.0,9.458109918881206,59.788628614814684,0
41,20.0,8.857506183117806,58.17223706687756,0
41,21.0,8.350420160137254,56.312845083383166,0
41,22.0,7.4888087905916265,54.2774164524851,0
41,23.0,7.2057381270161045,51.9284567437615,0
41,24.0,6.601772346124655,49.496894182778334,0
41,25.0,5.942768784192104,46.74120384192379,0
41,26.0,4.830839672124853,44.681513713024515,0
41,27.0,2.9751019411428032,42.38290040383221,0
41,28.0,1.2971607710808044,39.476179563005175,0
42,33.0,36.39538633751367,45.490715362668624,0
42,34.0,40.17444348572633,46.592482444666516,0
42,35.0,41.976154659484436,46.42766141526799,0
42,36.0,44.753154720725675,48.472341144349784,0
42,37.0,45.15237218777696,48.77217861017908,0
42,38.0,45.40958165717058,49.41072963205825,0
42,39.0,48.9810947449819,47.449808131014294,0
42,40.0,51.78562227309534,50.04547018635657,0
42,41.0,51.75404383551458,51.32561987494225,0
42,42.0,50.834818161837475,48.34548788889336,0
42,43.0,49.971529222085735,47.295291260499695,0
42,44.0,50.4876456187059,47.605361436470815,0
42,45.0,48.146781211019785,44.99793151860075,0
42,46.0,45.80005389324057,44.08788697716068,0
42,47.0,45.90608762141025,42.72461572719513,0
42,48.0,44.68508701418922,42.45769814499985,0
43,61.0,34.986351337492835,56.88522185294315,0
43,62.0,35.004131616576984,57.99985900142978,0
43,63.0,35.03223684656737,59.03789273669804,0
43,64.0,35.508127927299824,60.08000799905177,0
43,65.0,35.87193197280523,61.29415099183346,0
43,66.0,36.06721497319744,62.85283639060782,0
44,19.0,62.63626352921655,21.28222801644761,0
45,22.0,62.55166017866847,26.22690433312288,0
45,23.0,63.75149096288095,27.8608033869478,0
46,88.0,50.74648449458583,54.67401003753038,0
46,89.0,52.47510964314678,53.75445473022131,0
46,90.0,52.139502690439755,54.73432233174992,0
46,91.0,51.68577136645774,52.63194681179259,0
46,92.0,49.44010492561992,50.987059464356165,0
46,93.0,51.54949211421783,51.23982026123666,0
46,94.0,52.78098440033453,51.180769240618545,0
46,95.0,53.51275290976619,49.328915184902314,0
46,96.0,54.240537391521045,52.47783427658548,0
46,97.0,54.93176152206486,52.041489409116636,0
46,98.0,54.46507337812598,54.28106380946669,0
46,99.0,54.03907408961187,55.12389501969476,0
46,100.0,55.36406710451955,57.57308547421677,0
46,101.0,59.56231350778853,55.62470901190662,0
46,102.0,60.43937250445576,59.638034999593756,0
46,103.0,60.85250076169402,56.21884278797506,0
47,22.0,0.0032653511273394997,59.64257366760775,0
48,61.0,6.087932827502328,37.08734219224293,0
48,62.0,7.932403139290372,37.53163494537101,0
48,63.0,8.689983265184566,38.29802702286571,0
48,64.0,9.748993559692977,38.6109090212792,0
48,65.0,10.888487839303714,39.94056536012032,0
48,66.0,12.485498196602997,40.27027334042401,0
48,67.0,13.84493830109124,40.25529992756111,0
48,68.0,14.693698209181797,40.529772287451095,0
48,69.0,16.109362050845917,41.383563475726376,0
48,70.0,17.440568810511657,42.12465322275838,0
48,71.0,19.043645506615647,43.09959855059998,0
48,72.0,20.8742023073737,43.92849574996211,0
48,73.0,22.40353990116015,44.571437853903944,0
48,74.0,23.499950721039582,45.45470622034156,0
48,75.0,24.96484080003591,46.42113018376092,0
48,76.0,26.4511674973352,47.29896092505511,0
49,182.0,34.23577137846053,52.510735294741124,0
49,183.0,32.356737961502574,52.56908187261085,0
49,184.0,30.72642382580638,52.204016521156035,0
49,185.0,28.55425295214618,51.88279682082185,0
49,186.0,26.40334211406963,52.024304092561025,0
49,187.0,24.33084461967843,50.85916579641274,0
49,188.0,21.505197980202603,49.776490425615236,0
49,189.0,18.971562242257413,49.109886282611924,0
49,190.0,15.966941605531396,48.26628494571743,0
49,191.0,12.725702333180266,47.0267101830938,0
49,192.0,9.92876528383961,46.330358432335046,0
49,193.0,7.288998042684675,45.29623688631979,0
49,194.0,4.196813329487846,44.512238629464846,0
49,195.0,1.8249297169429965,44.18337954869669,0
50,172.0,58.34997990035059,1.0967882727959761,0
50,173.0,56.409119700324126,0.8983212750104173,0
50,174.0,57.102023092157125,2.3547061537843703,0
50,175.0,56.14187840604963,1.1551796984356884,0
51,177.0,54.290636592879494,0.15845480177424065,0
51,178.0,55.399283407990154,0.03574967244777838,0
52,94.0,21.120653341245415,40.40907041696697,0
52,95.0,23.384605296622162,41.06422679396762,0
52,96.0,22.49988568349864,40.44032990880244,0
52,97.0,23.67415987105675,39.65063813207398,0
52,98.0,26.454098705450654,38.62530656046964,0
52,99.0,24.544151642850707,37.14060802811727,0
52,100.0,25.09781794138759,36.671970703314415,0
52,101.0,22.186488754477786,38.51979989699106,0
52,102.0,18.519243539429716,38.78665689596092,0
52,103.0,21.468355021839173,38.72950037611797,0
52,104.0,18.272733238922243,35.82199380117669,0
52,105.0,15.606944318131305,37.06034717737056,0
52,106.0,14.67201177698886,36.84543176564746,0
52,107.0,17.791033944007765,34.12129796869098,0
52,108.0,14.18705205755726,36.35003318619876,0
52,109.0,12.512167990410042,36.08325270553024,0
53,85.0,34.90392392390761,40.99380348242329,0
53,86.0,35.62983397817693,41.64680321201956,0
53,87.0,36.78169246706017,42.10995091883292,0
53,88.0,37.02562334583986,42.53926735293241,0
53,89.0,37.44209039142652,43.33426112034181,0
53,90.0,37.950735332887945,44.38244446168305,0
53,91.0,38.01247236380817,44.98987666336103,0
53,92.0,38.05980398559139,45.28058262730363,0
53,93.0,38.16849308780033,46.47189555161599,0
53,94.0,38.87290473194918,47.939140189961336,0
53,95.0,39.516899138206014,49.713391724482676,0
53,96.0,39.63722298986012,51.340516817719546,0
53,97.0,40.23705082797545,52.58365668290452,0
53,98.0,40.69679324936847,53.84352929361445,0
53,99.0,41.86473289450953,55.971187376656516,0
53,100.0,42.62452065371808,58.071813953446764,0
54,1.0,15.447588990555914,60.17491215668704,0
54,2.0,18.648670280230576,59.199270915577074,0
54,3.0,20.455854869069633,59.29043012931923,0
54,4.0,19.888903104650282,56.86987558958367,0
54,5.0,21.7043986375462,60.05298419630762,0
54,6.0,22.379217309933203,62.96208583423568,0
54,7.0,20.649130676055137,58.9744084847397,0
54,8.0,21.958935630969364,62.444137574069885,0
54,9.0,26.00201231142809,61.915973355968745,0
55,89.0,26.54103010090199,0.43676061571736824,0
55,90.0,27.40926101299447,0.44508167581437874,0
55,91.0,28.137530778641732,0.2750991379291392,0
56,24.0,8.547686644739827,27.872240321618463,0
56,25.0,7.8589837563213365,28.27685031267614,0
56,26.0,6.5023350419243755,31.172072666654948,0
56,27.0,3.063459877214342,30.773513674345345,0
56,28.0,4.030583414244923,32.46225535236728,0
56,29.0,5.628081437311877,31.546066784800693,0
56,30.0,4.28300388424185,31.279555849202445,0
56,31.0,4.762278087533737,31.798543047063895,0
56,32.0,5.600905962873028,34.17480284951168,0
56,33.0,4.51614330235698,32.68498369409025,0
56,34.0,4.501015294271404,33.10261490028948,0
56,35.0,4.461114036859392,33.17886430822152,0
56,36.0,4.266978859806827,33.46996784377416,0
56,37.0,4.887683197165082,34.634836359033685,0
56,38.0,3.794493750357603,34.915905933952544,0
56,39.0,1.788924373153975,36.3809779052919,0
57,36.0,48.77589223121977,19.046097664034576,0
57,37.0,51.44377437952055,18.493785978243558,0
57,38.0,53.965513093162514,18.270328028108494,0
57,39.0,56.3804903266595,18.220373031012514,0
57,40.0,58.78373059742596,17.327376139661993,0
57,41.0,60.74950014871594,16.606621719733944,0
57,42.0,62.99269357124244,16.262747051608365,0
58,116.0,16.158167383246536,59.57665039143531,0
58,117.0,16.724659771619848,62.03049283549039,0
59,119.0,15.143752933038016,62.90344225715617,0
60,12.0,3.5968359930365352,38.50009792403068,0
60,13.0,4.421884478649979,38.15805050779203,0
60,14.0,6.527932071792662,38.74001136324536,0
60,15.0,7.42772456694626,38.5684341742345,0
60,16.0,7.9801628591147775,40.07230761788014,0
60,17.0,7.81904011630364,40.832722546564796,0
60,18.0,9.231803316497007,41.396696689477935,0
60,19.0,10.09299020012552,42.852120346989466,0
60,20.0,10.594486871290819,42.64602485512441,0
60,21.0,10.172061568515346,40.66842291086266,0
60,22.0,8.413501856357755,41.60760626483274,0
60,23.0,11.18384612715601,43.73827094894975,0
60,24.0,8.95926318773676,42.33177681255603,0
60,25.0,9.57721853642147,42.06508846534449,0
60,26.0,11.317467519640907,40.539172624369826,0
60,27.0,8.508196135249413,38.27633842908132,0
61,53.0,8.330008734681286,0.2890418456650039,0
61,54.0,10.543714502916849,0.39104962540415755,0
61,55.0,11.310011780641865,0.39935609630992275,0
62,69.0,51.53522448245316,10.930863440061245,0
62,70.0,48.45417166366431,11.771794834286666,0
62,71.0,50.65118810534062,11.690903065299125,0
62,72.0,50.24198045099433,13.344172770103285,0
62,73.0,51.30749292848451,13.168235281043295,0
62,74.0,52.06067484240822,15.075509478248932,0
62,75.0,52.60770364288234,17.50785682957111,0
62,76.0,54.61814198009408,16.133576153411617,0
62,77.0,56.21077972709911,14.307808125730539,0
62,78.0,56.314497796585854,15.546378218444694,0
62,79.0,54.64635118745802,18.51272061992868,0
62,80.0,55.500535323427144,19.24923033544367,0
62,81.0,59.38106980759615,18.83395049309422,0
62,82.0,57.535488364143035,18.829790507887694,0
62,83.0,58.20210590231754,19.442701340846114,0
62,84.0,57.37435573581433,17.688966899977537,0
63,63.0,51.093116117399816,14.43311178866486,0
63,64.0,48.00757852823398,14.88806918458183,0
63,65.0,44.38455684351399,15.028375792828989,0
63,66.0,40.519055720989215,15.482837253762,0
63,67.0,37.58411302408801,15.516408426874222,0
63,68.0,35.59484122716178,15.429576742082936,0
63,69.0,33.587183776993115,15.18156032031277,0
63,70.0,31.945495388125266,14.356809556748352,0
63,71.0,30.090459498140227,14.321956469906084,0
63,72.0,27.784887214260365,14.328422739481553,0
63,73.0,25.665725557432694,13.91002707541169,0
63,74.0,23.876061756017677,14.08199743940449,0
63,75.0,21.970603998233855,14.038546582439679,0
63,76.0,20.127380430551987,13.338467780912545,0
63,77.0,18.94961961181435,12.934680027893329,0
63,78.0,17.895336944035144,12.506371033295792,0
64,193.0,22.417267263504513,63.43964737648557,0
64,194.0,24.25341256481979,62.1852518662122,0
64,195.0,26.174644061490035,60.56635011682194,0
64,196.0,28.060607130901744,58.98855063599757,0
64,197.0,29.939129308347397,57.151775944962836,0
64,198.0,31.671282498493348,55.82017341124407,0
65,165.0,3.9398118261766513,0.4257054670846685,0
65,166.0,1.8950047005954218,1.2995897263352418,0
66,80.0,1.0162016041494724,45.08965499126448,0
67,124.0,58.73515342644836,14.679925904690336,0
67,125.0,57.880328990776405,14.915815946867383,0
67,126.0,59.08210965189389,16.935390330981946,0
67,127.0,59.65731072730934,18.30384895169263,0
67,128.0,57.99750990205999,17.637891700349414,0
67,129.0,58.36759061395564,18.04377861719346,0
67,130.0,59.35708085713516,16.489872037584853,0
67,131.0,60.15012524521326,16.62364568247377,0
67,132.0,62.14603883432444,17.66945596706696,0
68,168.0,54.481519601681924,53.847623713735516,0
68,169.0,53.89608727686026,56.54822296103423,0
68,170.0,53.69045275573693,58.950607766237,0
68,171.0,52.0294508028981,61.312334057504614,0
69,50.0,62.2915637871798,32.29190816353932,0
69,51.0,62.411663951989226,34.52382871733259,0
69,52.0,59.79178173188252,35.27093329279245,0
69,53.0,58.73031370025866,34.904763871645045,0
69,54.0,58.18683969347941,38.02339726728654,0
69,55.0,60.242154662046104,38.849371676366474,0
69,56.0,59.15703030329561,38.30288030567159,0
69,57.0,58.88730002028527,37.63384878111043,0
69,58.0,63.96118614864011,37.36280358896424,0
69,59.0,61.29312885115755,36.657131601459724,0
69,60.0,58.25822602740217,37.26567213940314,0
70,148.0,23.10929008315739,12.665151894170293,0
70,149.0,21.80264562365857,11.967784376981768,0
70,150.0,20.23580796948996,10.46148787463786,0
70,151.0,19.317005627147807,8.705696674261283,0
70,152.0,18.517673618209983,7.29477330279682,0
70,153.0,17.662697896587304,5.97950994464594,0
70,154.0,16.865613424961488,5.168262297875188,0
70,155.0,16.377447776204832,4.330976532820614,0
70,156.0,15.45871472529182,3.6231275934368483,0
70,157.0,14.136439826378023,2.5851165777281935,0
70,158.0,12.931336077802065,1.248401457655234,0
71,31.0,0.9760341141117053,62.7102816964389,0
71,32.0,1.481220977081044,63.12969627397615,0
72,169.0,12.088263108026666,9.371553793635826,0
72,170.0,12.183141570163635,12.009468139850306,0
72,171.0,5.970471732459849,10.614594071099575,0
72,172.0,7.962080732604932,11.620826076767344,0
72,173.0,5.718330342809281,11.487310095234484,0
72,174.0,5.893333308155455,14.431305958301948,0
72,175.0,6.11090538608488,15.604641282737504,0
72,176.0,4.689777284245409,15.590250758626603,0
72,177.0,4.674966876286035,15.896964272082592,0
72,178.0,4.806587334308254,16.25963594208325,0
72,179.0,5.146021087132219,15.085740688943687,0
72,180.0,7.724230729396233,18.412934841174625,0
72,181.0,6.954075497931953,17.958250593816246,0
72,182.0,5.473786480320136,18.487225271372857,0
72,183.0,4.0059259670188325,18.534794444969165,0
72,184.0,4.364380745367967,18.1593906156131,0
73,86.0,15.20996419947356,47.06157030905902,0
73,87.0,11.306220518383604,46.79868543054418,0
73,88.0,7.728031975672081,45.64804572957924,0
73,89.0,4.488105464371472,44.850104287751236,0
73,90.0,0.7166089090211045,44.67513114484055,0
74,8.0,7.767933533467755,57.26465602087576,0
74,9.0,9.625127197043703,55.799631882227885,0
74,10.0,10.271900948162148,56.312086598051934,0
74,11.0,13.158047462468325,55.40267106635977,0
74,12.0,13.727396095807144,57.47998969945087,0
74,13.0,15.266979371470889,55.89775048201622,0
74,14.0,16.704545581423154,54.37569441930886,0
74,15.0,14.996403646866504,54.21235022159223,0
74,16.0,12.293168939802719,53.892601304426734,0
74,17.0,9.918088415390628,52.777694488476286,0
74,18.0,10.393268854339425,56.90330304445234,0
74,19.0,11.111660283452586,56.053127977347174,0
74,20.0,11.456297083577034,55.10932972347152,0
74,21.0,12.914596217110763,54.71559179252279,0
74,22.0,15.747745238563319,55.35776406655667,0
74,23.0,14.315234197278805,54.5109401355911,0
75,148.0,63.96574751794974,11.461147692415224,0
75,149.0,60.319552882555215,11.73356141743755,0
75,150.0,61.11538007436906,12.602952676843358,0
75,151.0,63.54495863494613,12.391734698371721,0
76,30.0,7.7231334114899255,58.03225736736049,0
76,31.0,7.569723131709225,56.58179797562141,0
76,32.0,8.335294629348446,57.18774949890782,0
76,33.0,6.268923601332517,60.91558824153037,0
76,34.0,4.963966508026012,62.18207617037851,0
76,35.0,4.839784797404647,61.620766560963844,0
76,36.0,7.520926485630618,60.47815146559974,0
76,37.0,4.924621215989639,61.84950871925426,0
76,38.0,5.361384042629474,59.51024875643891,0
76,39.0,5.60439792523249,57.593634947358,0
76,40.0,6.472616959922547,57.21921098927105,0
76,41.0,5.79641672737926,60.515730384233095,0
76,42.0,7.436319713083144,59.42774707258822,0
76,43.0,12.925342679231179,61.192349537886216,0
76,44.0,11.85721992329259,58.73642198300274,0
76,45.0,13.84482103590669,56.94534586303254,0
77,176.0,19.75114922013593,57.96030036219203,0
77,177.0,18.98264195468613,60.528550379508474,0
77,178.0,18.08071152428198,60.64155155731454,0
77,179.0,19.407968797753455,62.768956938133314,0
78,182.0,53.91528248966017,26.96207783949528,0
78,183.0,54.00585025025195,28.00922317079725,0
78,184.0,53.96905235062982,27.67457658752849,0
78,185.0,54.63355915577117,27.10036801490599,0
78,186.0,55.777041958696984,27.232540340744585,0
78,187.0,56.21013109566893,27.14459068486407,0
78,188.0,56.2585498168757,27.16806666615684,0
78,189.0,56.11107521432757,27.171246979200212,0
78,190.0,56.00948012719931,27.22395585702416,0
78,191.0,56.69254153091657,27.504998018497226,0
78,192.0,57.2116867261789,27.94544218397334,0
78,193.0,57.60997579615879,28.039888477472026,0
78,194.0,57.94060433833222,27.719042593741847,0
78,195.0,58.581443937874894,27.281390998228467,0
78,196.0,59.90732494376135,26.799293614414374,0
78,197.0,61.02584241303934,26.879252658501144,0
79,67.0,27.44336633489634,1.492079589349565,0
79,68.0,24.95644214587184,2.4191894765251405,0
79,69.0,23.61256519487022,0.8997108704584136,0
80,26.0,32.32516584789943,42.33959894505608,0
80,27.0,31.48314303271728,42.48567558900989,0
80,28.0,30.14387682748663,43.20806687193581,0
80,29.0,28.366806630963417,44.30743066454929,0
80,30.0,27.085239785660896,45.10784355095994,0
80,31.0,26.274419686721885,46.15431390428971,0
80,32.0,25.46959723472773,47.08757246918033,0
80,33.0,24.86960407848504,48.19040307142731,0
80,34.0,24.185163625252592,49.32331405470026,0
80,35.0,23.54934478532651,50.62258138062833,0
80,36.0,22.40335994824475,51.426521039454514,0
80,37.0,21.44134078461449,52.13603596332602,0
80,38.0,20.658279315599593,53.120473709941464,0
80,39.0,20.13596304636046,54.47686465546005,0
80,40.0,19.883510786207076,55.81574047809195,0
80,41.0,19.638268971115117,56.57435189884943,0
81,118.0,56.67399441941794,5.10474920057834,0
81,119.0,55.48986288581587,6.884397165875804,0
81,120.0,58.09388040198178,4.9705132051150684,0
81,121.0,62.85528849846759,3.3715722870619587,0
81,122.0,63.959679457587924,2.615750496845358,0
82,125.0,62.462389509279674,1.115739272249904,0
83,130.0,59.96004984259923,0.20452603813258463,0
83,131.0,58.5828224818038,1.4174935673420137,0
84,133.0,59.831522453073646,2.325435880811156,0
85,105.0,16.62080876521081,40.67461147340285,0
85,106.0,16.59968368407918,40.77292822036331,0
85,107.0,13.886313040196661,39.78424626169797,0
85,108.0,11.780033709688276,45.605082252689755,0
85,109.0,13.603373788918624,45.0474563401565,0
85,110.0,15.793948293824315,47.9342202004584,0
85,111.0,14.037964725538153,49.13391832226023,0
85,112.0,13.854998813680943,51.125766776117985,0
85,113.0,14.65914056917267,51.774017845665085,0
85,114.0,14.128143464241148,52.807376799941835,0
85,115.0,16.580551349345868,53.1838313187079,0
85,116.0,18.449718042653245,51.98023364150987,0
85,117.0,16.676146381885843,52.050401951191446,0
85,118.0,17.731160002258747,49.989425883547725,0
85,119.0,14.090720290493962,51.805953957008825,0
85,120.0,16.066991089707848,53.28588477621065,0
86,40.0,0.7086951950631928,0.10031169366811099,0
87,44.0,11.966151288736611,9.972290421418407,0
87,45.0,10.555859143854143,9.982262369977377,0
87,46.0,9.237908350713482,10.06003859938506,0
87,47.0,8.214008915233485,10.129607186979278,0
87,48.0,7.517596889942006,10.196386349411327,0
87,49.0,6.811427581665363,10.14209613867743,0
87,50.0,6.3888818563891405,9.99581630456803,0
87,51.0,6.032745842082562,9.277916738774088,0
87,52.0,5.660568151702101,8.595205235856476,0
87,53.0,4.583631609970787,8.164229219093833,0
87,54.0,3.181626959193956,7.6166509249470025,0
87,55.0,1.8278310602240708,6.881725501049047,0
88,173.0,27.43423262442522,48.88217963834029,0
88,174.0,29.36705613843929,51.30932106339324,0
88,175.0,31.324017784492774,53.71173662861652,0
88,176.0,32.86427167274019,55.90923724531737,0
88,177.0,34.66763461364086,57.75582125562164,0
88,178.0,36.5293144753268,59.53601725430916,0
88,179.0,39.139553346546805,61.18654513979618,0
88,180.0,41.33891106260208,63.44238088282253,0
89,135.0,62.37836680252322,40.80410054927435,0
90,96.0,0.6018017972612881,55.43376345796314,0
91,99.0,0.5250720841705743,51.61256860430457,0
91,100.0,3.0753302436696046,47.85982840651002,0
91,101.0,1.5292889610791036,47.25011803414189,0
92,170.0,39.705929538230535,55.62753329651319,0
92,171.0,41.27317324003576,57.80269761065749,0
92,172.0,41.400162845082875,56.618974267284145,0
92,173.0,43.6877665253195,56.240612245461264,0
92,174.0,44.167420328330635,54.553206248805964,0
92,175.0,45.08738181899622,54.0208160320159,0
92,176.0,45.56109117864415,56.229697066402025,0
92,177.0,44.3517246167694,57.14631450007687,0
92,178.0,44.75337299727208,54.67774044078588,0
92,179.0,48.21357292065625,55.877179715906635,0
92,180.0,48.859090418619985,54.76359596655176,0
92,181.0,49.05956238492615,55.46984265185493,0
92,182.0,50.16176658542223,55.985073195373886,0
92,183.0,49.1592016043047,52.85139139997543,0
92,184.0,50.84810791262811,53.858779041416895,0
92,185.0,50.77960586372804,53.0745355035079,0
93,53.0,60.968119492944155,14.320565239268092,0
93,54.0,61.044306059088896,13.514476837815401,0
93,55.0,63.96758496938472,12.502362749858051,0
94,57.0,62.51793622694764,13.700727245425469,0
94,58.0,61.922863156502245,15.757824617252744,0
94,59.0,60.651236289099515,13.705798244470756,0
94,60.0,60.20976252299299,15.901809161839559,0
94,61.0,59.92261916792373,13.5846460541255,0
94,62.0,58.16666124015592,13.41692547926526,0
94,63.0,56.983389023092045,13.062425350080787,0
94,64.0,56.43054959712936,11.19000743649292,0
94,65.0,56.56991262175451,14.09552762785853,0
94,66.0,58.54283263100588,12.95541465069254,0
94,67.0,59.68392934510368,14.053466745798993,0
94,68.0,58.5091564476801,15.602561995935723,0
95,145.0,54.1103809461613,53.23499964297562,0
95,146.0,55.82011214897595,53.13589771179116,0
95,147.0,58.42670338446213,52.820395616057894,0
95,148.0,60.14916347186798,52.9895764798875,0
95,149.0,61.87605274992656,52.839645351517646,0
96,89.0,4.6784486244402785,47.24190278609528,0
96,90.0,3.778861806911273,46.86422805287711,0
96,91.0,3.273996778245092,44.686701811926284,0
96,92.0,5.102464923169521,42.81257437577507,0
96,93.0,9.072152724550179,43.78581021007844,0
96,94.0,9.034303979765824,46.8558170188432,0
96,95.0,7.7466052183262235,47.28289001095753,0
96,96.0,10.40058893229812,46.80440117001642,0
96,97.0,12.876273454714763,44.94247115320124,0
96,98.0,10.187914959112426,44.05285329738216,0
96,99.0,10.721207687242654,43.869126317460484,0
96,100.0,8.110149759902,46.639458493468055,0
96,101.0,8.261656941266615,48.97040021303063,0
96,102.0,8.516316680383696,47.280639621192265,0
96,103.0,5.66796889489801,51.35637936736268,0
96,104.0,4.026274008461506,53.98978494508843,0
97,21.0,18.207007815963408,6.127721720740624,0
97,22.0,18.269774965693465,4.754325826866143,0
97,23.0,18.030602688680183,3.7408090915190684,0
97,24.0,17.56289524740525,2.5749884781762375,0
97,25.0,17.10391979972738,1.2365954787428777,0
98,167.0,50.50887185266079,47.94478844781409,0
98,168.0,50.79783015793706,47.04169738192442,0
98,169.0,51.372749300556336,46.76929153448205,0
98,170.0,50.95974041845665,46.43569514932567,0
98,171.0,50.94483974752838,46.01310365667463,0
98,172.0,51.36194229042475,46.281341235985806,0
98,173.0,51.64142482481746,46.34371402773955,0
98,174.0,52.012097178801795,45.891346985110474,0
98,175.0,52.03264468293739,46.455792334252294,0
98,176.0,51.918565169077084,46.3611492220472,0
98,177.0,52.41392288626679,46.301426547703414,0
98,178.0,53.19179121245905,46.22209975664592,0
98,179.0,53.94797877070566,45.504791983802235,0
98,180.0,54.776061081054905,45.183307096299686,0
98,181.0,54.91966090756823,45.320752713259466,0
98,182.0,55.39599965959286,45.049182470322776,0
99,99.0,48.00048746139154,10.44602950375932,0
99,100.0,49.524806831791196,8.447370013213643,0
99,101.0,47.90673176572777,8.496021991467238,0
99,102.0,45.468599362322735,7.383728027455582,0
99,103.0,44.0542751725181,4.828847974650415,0
99,104.0,42.939961711138125,2.055884855584182,0
99,105.0,45.15393289695808,0.8287782429272283,0
